start_lon,start_lat,end_lon,end_lat,temperatura,line_id
-67.03167918971513,-39.163552,-67.03184330612245,-39.16365043724976,11,iso_11_0
-67.03184330612245,-39.16365043724976,-67.03189550363783,-39.16366377551021,11,iso_11_1
-67.03189550363783,-39.16366377551021,-67.03203632653062,-39.16369207666799,11,iso_11_2
-67.03203632653062,-39.16369207666799,-67.03222934693878,-39.163669609187515,11,iso_11_3
-67.03222934693878,-39.163669609187515,-67.03224419403371,-39.16366377551021,11,iso_11_4
-67.03224419403371,-39.16366377551021,-67.03242236734694,-39.16359730036356,11,iso_11_5
-67.03242236734694,-39.16359730036356,-67.03248304874057,-39.163552,11,iso_11_6
-67.03795088220939,-39.168246571428575,-67.03801995918367,-39.1681679378077,12,iso_12_0
-67.03801995918367,-39.1681679378077,-67.03804648490825,-39.16813479591837,12,iso_12_1
-67.03804648490825,-39.16813479591837,-67.03814354810014,-39.168023020408164,12,iso_12_2
-67.03814354810014,-39.168023020408164,-67.03821297959183,-39.16795798029781,12,iso_12_3
-67.03821297959183,-39.16795798029781,-67.03826187448138,-39.16791124489796,12,iso_12_4
-67.03826187448138,-39.16791124489796,-67.03840166661024,-39.16779946938776,12,iso_12_5
-67.03840166661024,-39.16779946938776,-67.03840600000001,-39.16779620370829,12,iso_12_6
-67.03589265605709,-39.168246571428575,-67.03570371428572,-39.16815272481851,12,iso_12_0
-67.03570371428572,-39.16815272481851,-67.03565044405923,-39.16813479591837,12,iso_12_1
-67.03565044405923,-39.16813479591837,-67.03551069387754,-39.16808499294248,12,iso_12_2
-67.03551069387754,-39.16808499294248,-67.03532911776809,-39.168023020408164,12,iso_12_3
-67.03532911776809,-39.168023020408164,-67.03531767346938,-39.16801833521627,12,iso_12_4
-67.03531767346938,-39.16801833521627,-67.03512465306122,-39.16792814638171,12,iso_12_5
-67.03512465306122,-39.16792814638171,-67.03508001326881,-39.16791124489796,12,iso_12_6
-67.03508001326881,-39.16791124489796,-67.03493163265306,-39.16783634463853,12,iso_12_7
-67.03493163265306,-39.16783634463853,-67.03480603216366,-39.16779946938776,12,iso_12_8
-67.03480603216366,-39.16779946938776,-67.0347386122449,-39.16777077668289,12,iso_12_9
-67.0347386122449,-39.16777077668289,-67.0346749668844,-39.16779946938776,12,iso_12_10
-67.0346749668844,-39.16779946938776,-67.03463346815171,-39.16791124489796,12,iso_12_11
-67.03463346815171,-39.16791124489796,-67.03465233449413,-39.168023020408164,12,iso_12_12
-67.03465233449413,-39.168023020408164,-67.03468288376055,-39.16813479591837,12,iso_12_13
-67.03468288376055,-39.16813479591837,-67.03471484801285,-39.16824657142858,12,iso_12_14
-67.03288870193678,-39.16824657142858,-67.03280840816326,-39.16819331471142,12,iso_12_0
-67.03280840816326,-39.16819331471142,-67.0326153877551,-39.16815681416097,12,iso_12_1
-67.0326153877551,-39.16815681416097,-67.03242236734694,-39.16816636242539,12,iso_12_2
-67.03242236734694,-39.16816636242539,-67.03222934693878,-39.168172655375784,12,iso_12_3
-67.03222934693878,-39.168172655375784,-67.03203632653062,-39.168231340717114,12,iso_12_4
-67.03203632653062,-39.168231340717114,-67.03201728868211,-39.16824657142858,12,iso_12_5
-67.038406,-39.16732290105376,-67.03823014349565,-39.16724059183674,12,iso_12_0
-67.03823014349565,-39.16724059183674,-67.03821297959183,-39.167232259574746,12,iso_12_1
-67.03821297959183,-39.167232259574746,-67.03801995918367,-39.16717848951156,12,iso_12_2
-67.03801995918367,-39.16717848951156,-67.03791425338746,-39.16724059183673,12,iso_12_3
-67.03791425338746,-39.16724059183673,-67.03782693877551,-39.16733894853263,12,iso_12_4
-67.03782693877551,-39.16733894853263,-67.03781933052758,-39.16735236734694,12,iso_12_5
-67.03781933052758,-39.16735236734694,-67.03775530897693,-39.16746414285714,12,iso_12_6
-67.03775530897693,-39.16746414285714,-67.03769986494797,-39.16757591836735,12,iso_12_7
-67.03769986494797,-39.16757591836735,-67.037642354494,-39.167687693877554,12,iso_12_8
-67.037642354494,-39.167687693877554,-67.03763391836735,-39.16769913197843,12,iso_12_9
-67.03763391836735,-39.16769913197843,-67.0375833934958,-39.16779946938776,12,iso_12_10
-67.0375833934958,-39.16779946938776,-67.03748249532288,-39.16791124489796,12,iso_12_11
-67.03748249532288,-39.16791124489796,-67.03744089795917,-39.16794171182226,12,iso_12_12
-67.03744089795917,-39.16794171182226,-67.03737262165907,-39.168023020408164,12,iso_12_13
-67.03737262165907,-39.168023020408164,-67.03724787755101,-39.16813184718275,12,iso_12_14
-67.03724787755101,-39.16813184718275,-67.03724462120347,-39.16813479591837,12,iso_12_15
-67.03724462120347,-39.16813479591837,-67.03706337080614,-39.16824657142858,12,iso_12_16
-67.02952706122448,-39.16425841448297,-67.02953568779772,-39.16422265306123,12,iso_12_0
-67.02953568779772,-39.16422265306123,-67.0295415718723,-39.164110877551025,12,iso_12_1
-67.0295415718723,-39.164110877551025,-67.02952706122448,-39.16402595183187,12,iso_12_2
-67.03113777100732,-39.163552,-67.0312604896812,-39.16366377551021,12,iso_12_0
-67.0312604896812,-39.16366377551021,-67.03126424489795,-39.163667289455624,12,iso_12_1
-67.03126424489795,-39.163667289455624,-67.03138567125197,-39.163775551020414,12,iso_12_2
-67.03138567125197,-39.163775551020414,-67.03145726530613,-39.1638357015552,12,iso_12_3
-67.03145726530613,-39.1638357015552,-67.03152776675569,-39.16388732653061,12,iso_12_4
-67.03152776675569,-39.16388732653061,-67.03165028571428,-39.16397368231917,12,iso_12_5
-67.03165028571428,-39.16397368231917,-67.03172710816285,-39.16399910204082,12,iso_12_6
-67.03172710816285,-39.16399910204082,-67.03184330612245,-39.16403338145587,12,iso_12_7
-67.03184330612245,-39.16403338145587,-67.03203632653062,-39.16402409552959,12,iso_12_8
-67.03203632653062,-39.16402409552959,-67.03214092320087,-39.16399910204082,12,iso_12_9
-67.03214092320087,-39.16399910204082,-67.03222934693878,-39.16398069852986,12,iso_12_10
-67.03222934693878,-39.16398069852986,-67.03242236734694,-39.16389465140536,12,iso_12_11
-67.03242236734694,-39.16389465140536,-67.03243016395871,-39.16388732653061,12,iso_12_12
-67.03243016395871,-39.16388732653061,-67.03255973581912,-39.163775551020414,12,iso_12_13
-67.03255973581912,-39.163775551020414,-67.0326153877551,-39.163729959610166,12,iso_12_14
-67.0326153877551,-39.163729959610166,-67.03267187085838,-39.16366377551021,12,iso_12_15
-67.03267187085838,-39.16366377551021,-67.0327734162906,-39.163552,12,iso_12_16
-67.03647579591836,-39.16615150311891,-67.0365189601648,-39.166122836734694,12,iso_12_0
-67.0365189601648,-39.166122836734694,-67.03663430721998,-39.166011061224495,12,iso_12_1
-67.03663430721998,-39.166011061224495,-67.0366582233295,-39.16589928571429,12,iso_12_2
-67.0366582233295,-39.16589928571429,-67.03662449228649,-39.16578751020408,12,iso_12_3
-67.03662449228649,-39.16578751020408,-67.03656670297028,-39.16567573469388,12,iso_12_4
-67.03656670297028,-39.16567573469388,-67.03650014064107,-39.16556395918368,12,iso_12_5
-67.03650014064107,-39.16556395918368,-67.03647579591836,-39.16552520299092,12,iso_12_6
-67.03647579591836,-39.16552520299092,-67.0362827755102,-39.16549466388603,12,iso_12_7
-67.0362827755102,-39.16549466388603,-67.0362302459441,-39.16556395918368,12,iso_12_8
-67.0362302459441,-39.16556395918368,-67.03615633315303,-39.16567573469388,12,iso_12_9
-67.03615633315303,-39.16567573469388,-67.03609835531805,-39.16578751020408,12,iso_12_10
-67.03609835531805,-39.16578751020408,-67.03608975510204,-39.165827819718125,12,iso_12_11
-67.03608975510204,-39.165827819718125,-67.03607917248146,-39.16589928571429,12,iso_12_12
-67.03607917248146,-39.16589928571429,-67.03608975510204,-39.16595357545338,12,iso_12_13
-67.03608975510204,-39.16595357545338,-67.03610927607879,-39.166011061224495,12,iso_12_14
-67.03610927607879,-39.166011061224495,-67.03624101247574,-39.166122836734694,12,iso_12_15
-67.03624101247574,-39.166122836734694,-67.0362827755102,-39.16614883633864,12,iso_12_16
-67.0362827755102,-39.16614883633864,-67.03647579591836,-39.16615150311891,12,iso_12_17
-67.03126424489795,-39.16523680404325,-67.03131889280071,-39.16522863265306,12,iso_12_0
-67.03131889280071,-39.16522863265306,-67.03145726530613,-39.165188945302916,12,iso_12_1
-67.03145726530613,-39.165188945302916,-67.0315370201178,-39.16511685714286,12,iso_12_2
-67.0315370201178,-39.16511685714286,-67.03155746211027,-39.16500508163266,12,iso_12_3
-67.03155746211027,-39.16500508163266,-67.03150227719475,-39.16489330612245,12,iso_12_4
-67.03150227719475,-39.16489330612245,-67.03145726530612,-39.16485067118474,12,iso_12_5
-67.03145726530612,-39.16485067118474,-67.03126424489795,-39.16486620895673,12,iso_12_6
-67.03126424489795,-39.16486620895673,-67.03122582540892,-39.16489330612245,12,iso_12_7
-67.03122582540892,-39.16489330612245,-67.03107122448979,-39.16500323301113,12,iso_12_8
-67.03107122448979,-39.16500323301113,-67.03106908021503,-39.16500508163266,12,iso_12_9
-67.03106908021503,-39.16500508163266,-67.03102511460918,-39.16511685714286,12,iso_12_10
-67.03102511460918,-39.16511685714286,-67.03107122448979,-39.16516368576956,12,iso_12_11
-67.03107122448979,-39.16516368576956,-67.03122346947434,-39.16522863265306,12,iso_12_12
-67.03122346947434,-39.16522863265306,-67.03126424489795,-39.16523680404325,12,iso_12_13
-67.03834981437734,-39.168246571428575,-67.038406,-39.16819469285632,13,iso_13_0
-67.0333111955244,-39.168246571428575,-67.03323675112973,-39.16813479591837,13,iso_13_0
-67.03323675112973,-39.16813479591837,-67.03319444897959,-39.16808520378868,13,iso_13_1
-67.03319444897959,-39.16808520378868,-67.03313522256386,-39.168023020408164,13,iso_13_2
-67.03313522256386,-39.168023020408164,-67.03300142857142,-39.16793838609579,13,iso_13_3
-67.03300142857142,-39.16793838609579,-67.03280840816326,-39.16792749594294,13,iso_13_4
-67.03280840816326,-39.16792749594294,-67.0326153877551,-39.16794322667105,13,iso_13_5
-67.0326153877551,-39.16794322667105,-67.03242236734694,-39.167963497369996,13,iso_13_6
-67.03242236734694,-39.167963497369996,-67.03222934693878,-39.16797249620669,13,iso_13_7
-67.03222934693878,-39.16797249620669,-67.03203632653062,-39.16796873952277,13,iso_13_8
-67.03203632653062,-39.16796873952277,-67.03184330612245,-39.168013476485015,13,iso_13_9
-67.03184330612245,-39.168013476485015,-67.03183025382258,-39.168023020408164,13,iso_13_10
-67.03183025382258,-39.168023020408164,-67.03172554645637,-39.16813479591837,13,iso_13_11
-67.03172554645637,-39.16813479591837,-67.03165040098865,-39.168246571428575,13,iso_13_12
-67.03025694054283,-39.168246571428575,-67.03010612244898,-39.168181009368396,13,iso_13_0
-67.03010612244898,-39.168181009368396,-67.03001190610362,-39.16813479591838,13,iso_13_1
-67.03001190610362,-39.16813479591838,-67.02991310204082,-39.16804014010674,13,iso_13_2
-67.02991310204082,-39.16804014010674,-67.0298975361795,-39.168023020408164,13,iso_13_3
-67.0298975361795,-39.168023020408164,-67.02981601100038,-39.16791124489796,13,iso_13_4
-67.02981601100038,-39.16791124489796,-67.02976335734635,-39.16779946938776,13,iso_13_5
-67.02976335734635,-39.16779946938776,-67.02972008163265,-39.16769944403716,13,iso_13_6
-67.02972008163265,-39.16769944403716,-67.02971496124776,-39.167687693877554,13,iso_13_7
-67.02971496124776,-39.167687693877554,-67.02968410727544,-39.16757591836735,13,iso_13_8
-67.02968410727544,-39.16757591836735,-67.02971580550789,-39.16746414285714,13,iso_13_9
-67.02971580550789,-39.16746414285714,-67.02972008163265,-39.1674574949074,13,iso_13_10
-67.02972008163265,-39.1674574949074,-67.02978560999532,-39.16735236734694,13,iso_13_11
-67.02978560999532,-39.16735236734694,-67.02985907919565,-39.16724059183673,13,iso_13_12
-67.02985907919565,-39.16724059183673,-67.02991310204082,-39.16715875750475,13,iso_13_13
-67.02991310204082,-39.16715875750475,-67.02993177753982,-39.16712881632653,13,iso_13_14
-67.02993177753982,-39.16712881632653,-67.02998989578,-39.167017040816326,13,iso_13_15
-67.02998989578,-39.167017040816326,-67.03004132800928,-39.16690526530613,13,iso_13_16
-67.03004132800928,-39.16690526530613,-67.03008535562532,-39.16679348979592,13,iso_13_17
-67.03008535562532,-39.16679348979592,-67.03010612244898,-39.16672206231929,13,iso_13_18
-67.03010612244898,-39.16672206231929,-67.03011852492489,-39.166681714285716,13,iso_13_19
-67.03011852492489,-39.166681714285716,-67.03013123490568,-39.16656993877551,13,iso_13_20
-67.03013123490568,-39.16656993877551,-67.03012393650509,-39.16645816326531,13,iso_13_21
-67.03012393650509,-39.16645816326531,-67.03010612244898,-39.166425712264264,13,iso_13_22
-67.03010612244898,-39.166425712264264,-67.03003966214536,-39.1663463877551,13,iso_13_23
-67.03003966214536,-39.1663463877551,-67.02992952231614,-39.1662346122449,13,iso_13_24
-67.02992952231614,-39.1662346122449,-67.02991310204082,-39.166221441762104,13,iso_13_25
-67.02991310204082,-39.166221441762104,-67.02972912082122,-39.166122836734694,13,iso_13_26
-67.02972912082122,-39.166122836734694,-67.02972008163265,-39.166117627979624,13,iso_13_27
-67.02972008163265,-39.166117627979624,-67.02952706122448,-39.166083053673226,13,iso_13_28
-67.038406,-39.16674509819592,-67.03833487352955,-39.166681714285716,13,iso_13_0
-67.03833487352955,-39.166681714285716,-67.03821297959183,-39.16659012207371,13,iso_13_1
-67.03821297959183,-39.16659012207371,-67.03818552423995,-39.16656993877551,13,iso_13_2
-67.03818552423995,-39.16656993877551,-67.03801995918367,-39.16645958438526,13,iso_13_3
-67.03801995918367,-39.16645958438526,-67.03801778032089,-39.16645816326531,13,iso_13_4
-67.03801778032089,-39.16645816326531,-67.03784910266955,-39.166346387755105,13,iso_13_5
-67.03784910266955,-39.166346387755105,-67.03782693877551,-39.166333972766154,13,iso_13_6
-67.03782693877551,-39.166333972766154,-67.03767446490328,-39.1662346122449,13,iso_13_7
-67.03767446490328,-39.1662346122449,-67.03763391836735,-39.16620997540045,13,iso_13_8
-67.03763391836735,-39.16620997540045,-67.03749588875289,-39.166122836734694,13,iso_13_9
-67.03749588875289,-39.166122836734694,-67.03744089795917,-39.1660833388802,13,iso_13_10
-67.03744089795917,-39.1660833388802,-67.03734368656984,-39.166011061224495,13,iso_13_11
-67.03734368656984,-39.166011061224495,-67.03726865479646,-39.16589928571429,13,iso_13_12
-67.03726865479646,-39.16589928571429,-67.03724787755101,-39.165871194962534,13,iso_13_13
-67.03724787755101,-39.165871194962534,-67.03720714019047,-39.16578751020408,13,iso_13_14
-67.03720714019047,-39.16578751020408,-67.03714132880006,-39.16567573469388,13,iso_13_15
-67.03714132880006,-39.16567573469388,-67.03709196283783,-39.16556395918368,13,iso_13_16
-67.03709196283783,-39.16556395918368,-67.03705485714285,-39.16550750906595,13,iso_13_17
-67.03705485714285,-39.16550750906595,-67.03702047825566,-39.165452183673466,13,iso_13_18
-67.03702047825566,-39.165452183673466,-67.03694859646924,-39.16534040816327,13,iso_13_19
-67.03694859646924,-39.16534040816327,-67.03687687888568,-39.16522863265306,13,iso_13_20
-67.03687687888568,-39.16522863265306,-67.03686183673469,-39.16519158185363,13,iso_13_21
-67.03686183673469,-39.16519158185363,-67.03683025938612,-39.16511685714286,13,iso_13_22
-67.03683025938612,-39.16511685714286,-67.0368159259243,-39.16500508163266,13,iso_13_23
-67.0368159259243,-39.16500508163266,-67.03680321128456,-39.16489330612245,13,iso_13_24
-67.03680321128456,-39.16489330612245,-67.03677517499789,-39.164781530612245,13,iso_13_25
-67.03677517499789,-39.164781530612245,-67.03676876081114,-39.16466975510205,13,iso_13_26
-67.03676876081114,-39.16466975510205,-67.03677790713672,-39.16455797959184,13,iso_13_27
-67.03677790713672,-39.16455797959184,-67.03678947138657,-39.164446204081635,13,iso_13_28
-67.03678947138657,-39.164446204081635,-67.03681348391514,-39.16433442857143,13,iso_13_29
-67.03681348391514,-39.16433442857143,-67.03683988263913,-39.16422265306123,13,iso_13_30
-67.03683988263913,-39.16422265306123,-67.03686183673469,-39.16411678666912,13,iso_13_31
-67.03686183673469,-39.16411678666912,-67.03686267561655,-39.164110877551025,13,iso_13_32
-67.03686267561655,-39.164110877551025,-67.03686183673469,-39.16410630400376,13,iso_13_33
-67.03686183673469,-39.16410630400376,-67.03666881632653,-39.16400878718559,13,iso_13_34
-67.03666881632653,-39.16400878718559,-67.03647579591836,-39.1640625153357,13,iso_13_35
-67.03647579591836,-39.1640625153357,-67.03642595698625,-39.164110877551025,13,iso_13_36
-67.03642595698625,-39.164110877551025,-67.03630107663906,-39.16422265306123,13,iso_13_37
-67.03630107663906,-39.16422265306123,-67.0362827755102,-39.16423913464233,13,iso_13_38
-67.0362827755102,-39.16423913464233,-67.03623404640456,-39.16433442857143,13,iso_13_39
-67.03623404640456,-39.16433442857143,-67.03619466948925,-39.164446204081635,13,iso_13_40
-67.03619466948925,-39.164446204081635,-67.03615578413041,-39.16455797959184,13,iso_13_41
-67.03615578413041,-39.16455797959184,-67.03612105933438,-39.16466975510205,13,iso_13_42
-67.03612105933438,-39.16466975510205,-67.03608975510204,-39.164758236110046,13,iso_13_43
-67.03608975510204,-39.164758236110046,-67.03608024320717,-39.164781530612245,13,iso_13_44
-67.03608024320717,-39.164781530612245,-67.03594437446179,-39.16489330612245,13,iso_13_45
-67.03594437446179,-39.16489330612245,-67.03589673469388,-39.16491248602766,13,iso_13_46
-67.03589673469388,-39.16491248602766,-67.03570371428572,-39.164996902355405,13,iso_13_47
-67.03570371428572,-39.164996902355405,-67.03568968668792,-39.16500508163266,13,iso_13_48
-67.03568968668792,-39.16500508163266,-67.0355272557345,-39.16511685714286,13,iso_13_49
-67.0355272557345,-39.16511685714286,-67.03551069387754,-39.16513438276193,13,iso_13_50
-67.03551069387754,-39.16513438276193,-67.03544104698163,-39.16522863265306,13,iso_13_51
-67.03544104698163,-39.16522863265306,-67.03539253506628,-39.16534040816327,13,iso_13_52
-67.03539253506628,-39.16534040816327,-67.03537158985827,-39.16545218367348,13,iso_13_53
-67.03537158985827,-39.16545218367348,-67.03537413538622,-39.16556395918368,13,iso_13_54
-67.03537413538622,-39.16556395918368,-67.03539394005907,-39.16567573469388,13,iso_13_55
-67.03539394005907,-39.16567573469388,-67.03542095957596,-39.16578751020408,13,iso_13_56
-67.03542095957596,-39.16578751020408,-67.03541595213918,-39.16589928571429,13,iso_13_57
-67.03541595213918,-39.16589928571429,-67.03538510026598,-39.166011061224495,13,iso_13_58
-67.03538510026598,-39.166011061224495,-67.03531767346938,-39.166101865195444,13,iso_13_59
-67.03531767346938,-39.166101865195444,-67.03529854801677,-39.166122836734694,13,iso_13_60
-67.03529854801677,-39.166122836734694,-67.03519000519731,-39.1662346122449,13,iso_13_61
-67.03519000519731,-39.1662346122449,-67.03512465306122,-39.16628931841298,13,iso_13_62
-67.03512465306122,-39.16628931841298,-67.0350337603488,-39.166346387755105,13,iso_13_63
-67.0350337603488,-39.166346387755105,-67.03493163265306,-39.16641875509343,13,iso_13_64
-67.03493163265306,-39.16641875509343,-67.03482813205392,-39.16645816326531,13,iso_13_65
-67.03482813205392,-39.16645816326531,-67.0347386122449,-39.16650440763725,13,iso_13_66
-67.0347386122449,-39.16650440763725,-67.03465948430777,-39.166458163265304,13,iso_13_67
-67.03465948430777,-39.166458163265304,-67.03466901019765,-39.166346387755105,13,iso_13_68
-67.03466901019765,-39.166346387755105,-67.03470958084942,-39.16623461224491,13,iso_13_69
-67.03470958084942,-39.16623461224491,-67.0347386122449,-39.166138370706605,13,iso_13_70
-67.0347386122449,-39.166138370706605,-67.03474484161266,-39.166122836734694,13,iso_13_71
-67.03474484161266,-39.166122836734694,-67.0347386122449,-39.166100547675754,13,iso_13_72
-67.0347386122449,-39.166100547675754,-67.03471344468439,-39.166011061224495,13,iso_13_73
-67.03471344468439,-39.166011061224495,-67.03454559183673,-39.165923456290436,13,iso_13_74
-67.03454559183673,-39.165923456290436,-67.03448958483851,-39.16589928571429,13,iso_13_75
-67.03448958483851,-39.16589928571429,-67.03435257142857,-39.16586448029795,13,iso_13_76
-67.03435257142857,-39.16586448029795,-67.03419957246238,-39.16578751020408,13,iso_13_77
-67.03419957246238,-39.16578751020408,-67.03415955102041,-39.16576180884553,13,iso_13_78
-67.03415955102041,-39.16576180884553,-67.03401274197772,-39.16567573469388,13,iso_13_79
-67.03401274197772,-39.16567573469388,-67.03396653061225,-39.16563287920161,13,iso_13_80
-67.03396653061225,-39.16563287920161,-67.03386841342993,-39.16556395918368,13,iso_13_81
-67.03386841342993,-39.16556395918368,-67.03377811149122,-39.16545218367347,13,iso_13_82
-67.03377811149122,-39.16545218367347,-67.03377351020409,-39.1654478585051,13,iso_13_83
-67.03377351020409,-39.1654478585051,-67.03363620574233,-39.16534040816327,13,iso_13_84
-67.03363620574233,-39.16534040816327,-67.03358048979591,-39.165273606473946,13,iso_13_85
-67.03358048979591,-39.165273606473946,-67.0335340747209,-39.16522863265306,13,iso_13_86
-67.0335340747209,-39.16522863265306,-67.03343802346446,-39.16511685714286,13,iso_13_87
-67.03343802346446,-39.16511685714286,-67.03338746938775,-39.165058108837826,13,iso_13_88
-67.03338746938775,-39.165058108837826,-67.03331690683004,-39.16500508163266,13,iso_13_89
-67.03331690683004,-39.16500508163266,-67.03319444897959,-39.164906125547276,13,iso_13_90
-67.03319444897959,-39.164906125547276,-67.03316863515137,-39.16489330612245,13,iso_13_91
-67.03316863515137,-39.16489330612245,-67.03300271841341,-39.164781530612245,13,iso_13_92
-67.03300271841341,-39.164781530612245,-67.03300142857142,-39.16478053606757,13,iso_13_93
-67.03300142857142,-39.16478053606757,-67.03281400990394,-39.16466975510205,13,iso_13_94
-67.03281400990394,-39.16466975510205,-67.03280840816326,-39.164664713708476,13,iso_13_95
-67.03280840816326,-39.164664713708476,-67.03266325844322,-39.16455797959184,13,iso_13_96
-67.03266325844322,-39.16455797959184,-67.0326153877551,-39.16445117766545,13,iso_13_97
-67.0326153877551,-39.16445117766545,-67.0326132214797,-39.16444620408164,13,iso_13_98
-67.0326132214797,-39.16444620408164,-67.03259169891382,-39.16433442857143,13,iso_13_99
-67.03259169891382,-39.16433442857143,-67.0326153877551,-39.16425100540277,13,iso_13_100
-67.0326153877551,-39.16425100540277,-67.032620856842,-39.16422265306123,13,iso_13_101
-67.032620856842,-39.16422265306123,-67.03265855914535,-39.164110877551025,13,iso_13_102
-67.03265855914535,-39.164110877551025,-67.0327167881813,-39.16399910204082,13,iso_13_103
-67.0327167881813,-39.16399910204082,-67.03277823761445,-39.16388732653061,13,iso_13_104
-67.03277823761445,-39.16388732653061,-67.03280840816326,-39.16384413475016,13,iso_13_105
-67.03280840816326,-39.16384413475016,-67.03285117226523,-39.163775551020414,13,iso_13_106
-67.03285117226523,-39.163775551020414,-67.03292354604446,-39.1636637755102,13,iso_13_107
-67.03292354604446,-39.1636637755102,-67.03299639283404,-39.163552,13,iso_13_108
-67.02952706122448,-39.16510706722956,-67.02957104207599,-39.16511685714286,13,iso_13_0
-67.02957104207599,-39.16511685714286,-67.02972008163265,-39.165171666103355,13,iso_13_1
-67.02972008163265,-39.165171666103355,-67.02983170166013,-39.16522863265306,13,iso_13_2
-67.02983170166013,-39.16522863265306,-67.02991310204082,-39.16531218314226,13,iso_13_3
-67.02991310204082,-39.16531218314226,-67.02993568496332,-39.16534040816327,13,iso_13_4
-67.02993568496332,-39.16534040816327,-67.02998843491164,-39.16545218367347,13,iso_13_5
-67.02998843491164,-39.16545218367347,-67.03010612244898,-39.1655189056639,13,iso_13_6
-67.03010612244898,-39.1655189056639,-67.03029914285715,-39.16548941291639,13,iso_13_7
-67.03029914285715,-39.16548941291639,-67.03049216326531,-39.165495809603485,13,iso_13_8
-67.03049216326531,-39.165495809603485,-67.03068518367347,-39.16553350901696,13,iso_13_9
-67.03068518367347,-39.16553350901696,-67.03087820408163,-39.16554228609531,13,iso_13_10
-67.03087820408163,-39.16554228609531,-67.03107122448979,-39.16555218813102,13,iso_13_11
-67.03107122448979,-39.16555218813102,-67.03114608065101,-39.16556395918368,13,iso_13_12
-67.03114608065101,-39.16556395918368,-67.03126424489795,-39.16558167770585,13,iso_13_13
-67.03126424489795,-39.16558167770585,-67.03145726530612,-39.16557811153496,13,iso_13_14
-67.03145726530612,-39.16557811153496,-67.0315267036804,-39.16556395918368,13,iso_13_15
-67.0315267036804,-39.16556395918368,-67.03165028571428,-39.16553605378165,13,iso_13_16
-67.03165028571428,-39.16553605378165,-67.03184330612245,-39.16546604535746,13,iso_13_17
-67.03184330612245,-39.16546604535746,-67.03187455347884,-39.16545218367347,13,iso_13_18
-67.03187455347884,-39.16545218367347,-67.03203632653062,-39.16536736484159,13,iso_13_19
-67.03203632653062,-39.16536736484159,-67.03208891985332,-39.16534040816327,13,iso_13_20
-67.03208891985332,-39.16534040816327,-67.03222934693878,-39.165244758471246,13,iso_13_21
-67.03222934693878,-39.165244758471246,-67.03227338976028,-39.16522863265306,13,iso_13_22
-67.03227338976028,-39.16522863265306,-67.03242236734694,-39.16514239367213,13,iso_13_23
-67.03242236734694,-39.16514239367213,-67.0326153877551,-39.16516099705936,13,iso_13_24
-67.0326153877551,-39.16516099705936,-67.03269275909751,-39.16522863265306,13,iso_13_25
-67.03269275909751,-39.16522863265306,-67.03280840816326,-39.165319370889755,13,iso_13_26
-67.03280840816326,-39.165319370889755,-67.03282766216934,-39.16534040816327,13,iso_13_27
-67.03282766216934,-39.16534040816327,-67.03295116124424,-39.16545218367347,13,iso_13_28
-67.03295116124424,-39.16545218367347,-67.03300142857142,-39.16548694051462,13,iso_13_29
-67.03300142857142,-39.16548694051462,-67.03319444897959,-39.16556263091991,13,iso_13_30
-67.03319444897959,-39.16556263091991,-67.0332014054687,-39.16556395918368,13,iso_13_31
-67.0332014054687,-39.16556395918368,-67.03338746938775,-39.16561372611234,13,iso_13_32
-67.03338746938775,-39.16561372611234,-67.03357097917618,-39.16567573469388,13,iso_13_33
-67.03357097917618,-39.16567573469388,-67.03358048979591,-39.165683119943914,13,iso_13_34
-67.03358048979591,-39.165683119943914,-67.03367933764753,-39.16578751020408,13,iso_13_35
-67.03367933764753,-39.16578751020408,-67.03368833537488,-39.16589928571429,13,iso_13_36
-67.03368833537488,-39.16589928571429,-67.03364310281164,-39.166011061224495,13,iso_13_37
-67.03364310281164,-39.166011061224495,-67.03358048979591,-39.16609976455044,13,iso_13_38
-67.03358048979591,-39.16609976455044,-67.03356920792358,-39.166122836734694,13,iso_13_39
-67.03356920792358,-39.166122836734694,-67.03348689527235,-39.1662346122449,13,iso_13_40
-67.03348689527235,-39.1662346122449,-67.03339617715412,-39.16634638775511,13,iso_13_41
-67.03339617715412,-39.16634638775511,-67.03338746938775,-39.166357795984126,13,iso_13_42
-67.03338746938775,-39.166357795984126,-67.03332211176435,-39.16645816326531,13,iso_13_43
-67.03332211176435,-39.16645816326531,-67.03326919051312,-39.16656993877551,13,iso_13_44
-67.03326919051312,-39.16656993877551,-67.03324005897657,-39.166681714285716,13,iso_13_45
-67.03324005897657,-39.166681714285716,-67.03324901192883,-39.16679348979592,13,iso_13_46
-67.03324901192883,-39.16679348979592,-67.03331283328116,-39.16690526530613,13,iso_13_47
-67.03331283328116,-39.16690526530613,-67.03338746938775,-39.16697801350453,13,iso_13_48
-67.03338746938775,-39.16697801350453,-67.03342021216851,-39.167017040816326,13,iso_13_49
-67.03342021216851,-39.167017040816326,-67.03353821620775,-39.16712881632653,13,iso_13_50
-67.03353821620775,-39.16712881632653,-67.03358048979591,-39.16716600032309,13,iso_13_51
-67.03358048979591,-39.16716600032309,-67.03364070286166,-39.16724059183674,13,iso_13_52
-67.03364070286166,-39.16724059183674,-67.03372580042586,-39.16735236734694,13,iso_13_53
-67.03372580042586,-39.16735236734694,-67.03377351020409,-39.16742607262243,13,iso_13_54
-67.03377351020409,-39.16742607262243,-67.03379820260157,-39.16746414285714,13,iso_13_55
-67.03379820260157,-39.16746414285714,-67.0338457729419,-39.16757591836735,13,iso_13_56
-67.0338457729419,-39.16757591836735,-67.03389584003826,-39.167687693877554,13,iso_13_57
-67.03389584003826,-39.167687693877554,-67.03396088718279,-39.16779946938776,13,iso_13_58
-67.03396088718279,-39.16779946938776,-67.03396653061225,-39.167808015943855,13,iso_13_59
-67.03396653061225,-39.167808015943855,-67.03402546943994,-39.16791124489796,13,iso_13_60
-67.03402546943994,-39.16791124489796,-67.03409020762533,-39.168023020408164,13,iso_13_61
-67.03409020762533,-39.168023020408164,-67.03415955102041,-39.16812319225602,13,iso_13_62
-67.03415955102041,-39.16812319225602,-67.034166526513,-39.16813479591837,13,iso_13_63
-67.034166526513,-39.16813479591837,-67.03422822517601,-39.168246571428575,13,iso_13_64
-67.038406,-39.16459153754299,-67.03836917275865,-39.16466975510205,13,iso_13_0
-67.03836917275865,-39.16466975510205,-67.03831743849328,-39.164781530612245,13,iso_13_1
-67.03831743849328,-39.164781530612245,-67.03826895087442,-39.16489330612245,13,iso_13_2
-67.03826895087442,-39.16489330612245,-67.0382253953712,-39.16500508163266,13,iso_13_3
-67.0382253953712,-39.16500508163266,-67.03821297959183,-39.165039848084824,13,iso_13_4
-67.03821297959183,-39.165039848084824,-67.03818255591221,-39.16511685714286,13,iso_13_5
-67.03818255591221,-39.16511685714286,-67.03813771887272,-39.16522863265306,13,iso_13_6
-67.03813771887272,-39.16522863265306,-67.03809940055294,-39.16534040816327,13,iso_13_7
-67.03809940055294,-39.16534040816327,-67.03807004579619,-39.16545218367347,13,iso_13_8
-67.03807004579619,-39.16545218367347,-67.03805727894867,-39.165563959183686,13,iso_13_9
-67.03805727894867,-39.165563959183686,-67.03805378285463,-39.16567573469388,13,iso_13_10
-67.03805378285463,-39.16567573469388,-67.0380670409319,-39.16578751020408,13,iso_13_11
-67.0380670409319,-39.16578751020408,-67.03810639409551,-39.16589928571429,13,iso_13_12
-67.03810639409551,-39.16589928571429,-67.0381846602141,-39.166011061224495,13,iso_13_13
-67.0381846602141,-39.166011061224495,-67.03821297959183,-39.166038414182,13,iso_13_14
-67.03821297959183,-39.166038414182,-67.03830951604232,-39.166122836734694,13,iso_13_15
-67.03830951604232,-39.166122836734694,-67.038406,-39.166186215130956,13,iso_13_16
-67.03647579591836,-39.168090392127525,-67.0362827755102,-39.16806647761121,13,iso_13_0
-67.0362827755102,-39.16806647761121,-67.03619970751663,-39.16802302040817,13,iso_13_1
-67.03619970751663,-39.16802302040817,-67.03608975510204,-39.16796603238129,13,iso_13_2
-67.03608975510204,-39.16796603238129,-67.03596688188814,-39.16791124489796,13,iso_13_3
-67.03596688188814,-39.16791124489796,-67.03589673469388,-39.16788145151903,13,iso_13_4
-67.03589673469388,-39.16788145151903,-67.03573206689616,-39.16779946938776,13,iso_13_5
-67.03573206689616,-39.16779946938776,-67.03570371428572,-39.1677807937054,13,iso_13_6
-67.03570371428572,-39.1677807937054,-67.03558056978395,-39.167687693877554,13,iso_13_7
-67.03558056978395,-39.167687693877554,-67.03551069387754,-39.167602888232715,13,iso_13_8
-67.03551069387754,-39.167602888232715,-67.03548856209541,-39.16757591836735,13,iso_13_9
-67.03548856209541,-39.16757591836735,-67.03545707697639,-39.16746414285714,13,iso_13_10
-67.03545707697639,-39.16746414285714,-67.0354740426996,-39.16735236734694,13,iso_13_11
-67.0354740426996,-39.16735236734694,-67.03551069387754,-39.16728194899405,13,iso_13_12
-67.03551069387754,-39.16728194899405,-67.03553331916011,-39.16724059183674,13,iso_13_13
-67.03553331916011,-39.16724059183674,-67.03562871188835,-39.16712881632653,13,iso_13_14
-67.03562871188835,-39.16712881632653,-67.03570371428572,-39.16705793435001,13,iso_13_15
-67.03570371428572,-39.16705793435001,-67.03575084521208,-39.167017040816326,13,iso_13_16
-67.03575084521208,-39.167017040816326,-67.03589673469388,-39.16691880714455,13,iso_13_17
-67.03589673469388,-39.16691880714455,-67.03592374400816,-39.16690526530613,13,iso_13_18
-67.03592374400816,-39.16690526530613,-67.03608975510204,-39.16681935351084,13,iso_13_19
-67.03608975510204,-39.16681935351084,-67.03617396332562,-39.16679348979592,13,iso_13_20
-67.03617396332562,-39.16679348979592,-67.0362827755102,-39.16675844565546,13,iso_13_21
-67.0362827755102,-39.16675844565546,-67.03647579591836,-39.16675425098708,13,iso_13_22
-67.03647579591836,-39.16675425098708,-67.0366076729822,-39.16679348979592,13,iso_13_23
-67.0366076729822,-39.16679348979592,-67.03666881632653,-39.16681381874396,13,iso_13_24
-67.03666881632653,-39.16681381874396,-67.03680619275508,-39.16690526530613,13,iso_13_25
-67.03680619275508,-39.16690526530613,-67.03686183673469,-39.1669451499569,13,iso_13_26
-67.03686183673469,-39.1669451499569,-67.03693647960684,-39.167017040816326,13,iso_13_27
-67.03693647960684,-39.167017040816326,-67.03700323789712,-39.16712881632653,13,iso_13_28
-67.03700323789712,-39.16712881632653,-67.03702523793193,-39.16724059183674,13,iso_13_29
-67.03702523793193,-39.16724059183674,-67.03702788416204,-39.16735236734694,13,iso_13_30
-67.03702788416204,-39.16735236734694,-67.03702080229712,-39.16746414285714,13,iso_13_31
-67.03702080229712,-39.16746414285714,-67.03700123455644,-39.16757591836735,13,iso_13_32
-67.03700123455644,-39.16757591836735,-67.0369663032711,-39.167687693877554,13,iso_13_33
-67.0369663032711,-39.167687693877554,-67.03691602160097,-39.16779946938776,13,iso_13_34
-67.03691602160097,-39.16779946938776,-67.03686183673469,-39.167865555585195,13,iso_13_35
-67.03686183673469,-39.167865555585195,-67.03680570647226,-39.16791124489796,13,iso_13_36
-67.03680570647226,-39.16791124489796,-67.03666881632653,-39.16800462867999,13,iso_13_37
-67.03666881632653,-39.16800462867999,-67.03663249941897,-39.168023020408164,13,iso_13_38
-67.03663249941897,-39.168023020408164,-67.03647579591836,-39.168090392127525,13,iso_13_39
-67.03049216326531,-39.16472867972276,-67.03029914285715,-39.16472836191499,13,iso_13_0
-67.03029914285715,-39.16472836191499,-67.03022669775487,-39.16466975510205,13,iso_13_1
-67.03022669775487,-39.16466975510205,-67.03010612244898,-39.16456565218038,13,iso_13_2
-67.03010612244898,-39.16456565218038,-67.03010049184209,-39.16455797959185,13,iso_13_3
-67.03010049184209,-39.16455797959185,-67.03003935934265,-39.16444620408164,13,iso_13_4
-67.03003935934265,-39.16444620408164,-67.03002123772247,-39.16433442857143,13,iso_13_5
-67.03002123772247,-39.16433442857143,-67.0300413608791,-39.16422265306123,13,iso_13_6
-67.0300413608791,-39.16422265306123,-67.03008267693875,-39.164110877551025,13,iso_13_7
-67.03008267693875,-39.164110877551025,-67.03010612244898,-39.164063798079155,13,iso_13_8
-67.03010612244898,-39.164063798079155,-67.03015072484189,-39.16399910204082,13,iso_13_9
-67.03015072484189,-39.16399910204082,-67.0302329882294,-39.16388732653061,13,iso_13_10
-67.0302329882294,-39.16388732653061,-67.03029914285715,-39.16380690228285,13,iso_13_11
-67.03029914285715,-39.16380690228285,-67.03049216326531,-39.16378035213219,13,iso_13_12
-67.03049216326531,-39.16378035213219,-67.03064903239769,-39.16388732653061,13,iso_13_13
-67.03064903239769,-39.16388732653061,-67.03068518367347,-39.163911385707266,13,iso_13_14
-67.03068518367347,-39.163911385707266,-67.03078646662846,-39.16399910204082,13,iso_13_15
-67.03078646662846,-39.16399910204082,-67.03087820408163,-39.164098057022734,13,iso_13_16
-67.03087820408163,-39.164098057022734,-67.03089012882843,-39.164110877551025,13,iso_13_17
-67.03089012882843,-39.164110877551025,-67.03097628736157,-39.16422265306123,13,iso_13_18
-67.03097628736157,-39.16422265306123,-67.03101097392465,-39.16433442857143,13,iso_13_19
-67.03101097392465,-39.16433442857143,-67.03094858300322,-39.164446204081635,13,iso_13_20
-67.03094858300322,-39.164446204081635,-67.03087820408163,-39.16450085319603,13,iso_13_21
-67.03087820408163,-39.16450085319603,-67.03079721688636,-39.16455797959184,13,iso_13_22
-67.03079721688636,-39.16455797959184,-67.03068518367347,-39.16463104673734,13,iso_13_23
-67.03068518367347,-39.16463104673734,-67.03060152858366,-39.16466975510205,13,iso_13_24
-67.03060152858366,-39.16466975510205,-67.03049216326531,-39.16472867972276,13,iso_13_25
-67.03620896252818,-39.163552,-67.03615116321944,-39.16366377551021,14,iso_14_0
-67.03615116321944,-39.16366377551021,-67.03608975510204,-39.163768211705325,14,iso_14_1
-67.03608975510204,-39.163768211705325,-67.03608605977224,-39.163775551020414,14,iso_14_2
-67.03608605977224,-39.163775551020414,-67.03602564105239,-39.16388732653061,14,iso_14_3
-67.03602564105239,-39.16388732653061,-67.03596319206247,-39.16399910204082,14,iso_14_4
-67.03596319206247,-39.16399910204082,-67.03592855208477,-39.164110877551025,14,iso_14_5
-67.03592855208477,-39.164110877551025,-67.03591044481774,-39.16422265306123,14,iso_14_6
-67.03591044481774,-39.16422265306123,-67.03589673469388,-39.16429879565984,14,iso_14_7
-67.03589673469388,-39.16429879565984,-67.03589111278599,-39.16433442857143,14,iso_14_8
-67.03589111278599,-39.16433442857143,-67.03586721154983,-39.16444620408163,14,iso_14_9
-67.03586721154983,-39.16444620408163,-67.03582704262176,-39.16455797959184,14,iso_14_10
-67.03582704262176,-39.16455797959184,-67.03574394749441,-39.16466975510205,14,iso_14_11
-67.03574394749441,-39.16466975510205,-67.03570371428572,-39.164700128458016,14,iso_14_12
-67.03570371428572,-39.164700128458016,-67.0355766407806,-39.164781530612245,14,iso_14_13
-67.0355766407806,-39.164781530612245,-67.03551069387754,-39.16481915296009,14,iso_14_14
-67.03551069387754,-39.16481915296009,-67.03538444645017,-39.16489330612245,14,iso_14_15
-67.03538444645017,-39.16489330612245,-67.03531767346936,-39.164937607888604,14,iso_14_16
-67.03531767346936,-39.164937607888604,-67.03522985151787,-39.16500508163266,14,iso_14_17
-67.03522985151787,-39.16500508163266,-67.03513304402375,-39.16511685714286,14,iso_14_18
-67.03513304402375,-39.16511685714286,-67.03512465306122,-39.165130735131676,14,iso_14_19
-67.03512465306122,-39.165130735131676,-67.03506294777985,-39.16522863265306,14,iso_14_20
-67.03506294777985,-39.16522863265306,-67.03500904463225,-39.16534040816327,14,iso_14_21
-67.03500904463225,-39.16534040816327,-67.0349671610114,-39.16545218367347,14,iso_14_22
-67.0349671610114,-39.16545218367347,-67.03493163265306,-39.165510326625146,14,iso_14_23
-67.03493163265306,-39.165510326625146,-67.0347386122449,-39.16555059640609,14,iso_14_24
-67.0347386122449,-39.16555059640609,-67.03454559183673,-39.16552472840954,14,iso_14_25
-67.03454559183673,-39.16552472840954,-67.03435257142857,-39.165478652139456,14,iso_14_26
-67.03435257142857,-39.165478652139456,-67.03430056345579,-39.165452183673466,14,iso_14_27
-67.03430056345579,-39.165452183673466,-67.03415955102041,-39.16538629020931,14,iso_14_28
-67.03415955102041,-39.16538629020931,-67.03409242973841,-39.16534040816327,14,iso_14_29
-67.03409242973841,-39.16534040816327,-67.03396653061225,-39.165248405075324,14,iso_14_30
-67.03396653061225,-39.165248405075324,-67.03394336070593,-39.16522863265306,14,iso_14_31
-67.03394336070593,-39.16522863265306,-67.03385708040727,-39.16511685714286,14,iso_14_32
-67.03385708040727,-39.16511685714286,-67.03380803312362,-39.16500508163266,14,iso_14_33
-67.03380803312362,-39.16500508163266,-67.03377351020409,-39.16492822942779,14,iso_14_34
-67.03377351020409,-39.16492822942779,-67.03375021350726,-39.16489330612245,14,iso_14_35
-67.03375021350726,-39.16489330612245,-67.03362187740042,-39.164781530612245,14,iso_14_36
-67.03362187740042,-39.164781530612245,-67.03358048979591,-39.16474654360596,14,iso_14_37
-67.03358048979591,-39.16474654360596,-67.03348229986508,-39.16466975510205,14,iso_14_38
-67.03348229986508,-39.16466975510205,-67.03338746938775,-39.164585444846765,14,iso_14_39
-67.03338746938775,-39.164585444846765,-67.03335400171872,-39.16455797959184,14,iso_14_40
-67.03335400171872,-39.16455797959184,-67.03324331867776,-39.164446204081635,14,iso_14_41
-67.03324331867776,-39.164446204081635,-67.03319444897959,-39.16436997438655,14,iso_14_42
-67.03319444897959,-39.16436997438655,-67.03317143075117,-39.16433442857143,14,iso_14_43
-67.03317143075117,-39.16433442857143,-67.03313324645414,-39.16422265306123,14,iso_14_44
-67.03313324645414,-39.16422265306123,-67.03311979121797,-39.164110877551025,14,iso_14_45
-67.03311979121797,-39.164110877551025,-67.03312266249483,-39.16399910204082,14,iso_14_46
-67.03312266249483,-39.16399910204082,-67.03313348682313,-39.16388732653061,14,iso_14_47
-67.03313348682313,-39.16388732653061,-67.03315252241036,-39.163775551020414,14,iso_14_48
-67.03315252241036,-39.163775551020414,-67.03317583769294,-39.16366377551021,14,iso_14_49
-67.03317583769294,-39.16366377551021,-67.03319444897959,-39.16361777183209,14,iso_14_50
-67.03319444897959,-39.16361777183209,-67.0332212240089,-39.163552,14,iso_14_51
-67.03049216326531,-39.16803276421741,-67.03045625093034,-39.168023020408164,14,iso_14_0
-67.03045625093034,-39.168023020408164,-67.03029914285715,-39.16797541455354,14,iso_14_1
-67.03029914285715,-39.16797541455354,-67.03021534164529,-39.167911244897965,14,iso_14_2
-67.03021534164529,-39.167911244897965,-67.03010612244898,-39.16781608359368,14,iso_14_3
-67.03010612244898,-39.16781608359368,-67.03009090389016,-39.16779946938776,14,iso_14_4
-67.03009090389016,-39.16779946938776,-67.030015265917,-39.167687693877554,14,iso_14_5
-67.030015265917,-39.167687693877554,-67.02998249170543,-39.16757591836735,14,iso_14_6
-67.02998249170543,-39.16757591836735,-67.03000839216617,-39.16746414285714,14,iso_14_7
-67.03000839216617,-39.16746414285714,-67.03007830691428,-39.16735236734695,14,iso_14_8
-67.03007830691428,-39.16735236734695,-67.03010612244898,-39.16731804826715,14,iso_14_9
-67.03010612244898,-39.16731804826715,-67.03018071266418,-39.16724059183674,14,iso_14_10
-67.03018071266418,-39.16724059183674,-67.03028933466577,-39.16712881632653,14,iso_14_11
-67.03028933466577,-39.16712881632653,-67.03029914285715,-39.16711837936676,14,iso_14_12
-67.03029914285715,-39.16711837936676,-67.03049170502112,-39.167017040816326,14,iso_14_13
-67.03049170502112,-39.167017040816326,-67.03049216326531,-39.167016760555576,14,iso_14_14
-67.03049216326531,-39.167016760555576,-67.03068518367347,-39.16697278446027,14,iso_14_15
-67.03068518367347,-39.16697278446027,-67.03071822380494,-39.16690526530613,14,iso_14_16
-67.03071822380494,-39.16690526530613,-67.03074159302057,-39.16679348979592,14,iso_14_17
-67.03074159302057,-39.16679348979592,-67.03078128017381,-39.166681714285716,14,iso_14_18
-67.03078128017381,-39.166681714285716,-67.03083032297249,-39.16656993877551,14,iso_14_19
-67.03083032297249,-39.16656993877551,-67.03087820408163,-39.16647237975935,14,iso_14_20
-67.03087820408163,-39.16647237975935,-67.03088527682691,-39.16645816326531,14,iso_14_21
-67.03088527682691,-39.16645816326531,-67.03093804947554,-39.166346387755105,14,iso_14_22
-67.03093804947554,-39.166346387755105,-67.03098770523044,-39.1662346122449,14,iso_14_23
-67.03098770523044,-39.1662346122449,-67.03105987981044,-39.166122836734694,14,iso_14_24
-67.03105987981044,-39.166122836734694,-67.03107122448979,-39.166110080702246,14,iso_14_25
-67.03107122448979,-39.166110080702246,-67.0311648873095,-39.166011061224495,14,iso_14_26
-67.0311648873095,-39.166011061224495,-67.03126424489795,-39.16596889510289,14,iso_14_27
-67.03126424489795,-39.16596889510289,-67.03143498473082,-39.16589928571429,14,iso_14_28
-67.03143498473082,-39.16589928571429,-67.03145726530612,-39.1658934884019,14,iso_14_29
-67.03145726530612,-39.1658934884019,-67.03165028571428,-39.16584160761174,14,iso_14_30
-67.03165028571428,-39.16584160761174,-67.03184330612245,-39.16580043564902,14,iso_14_31
-67.03184330612245,-39.16580043564902,-67.03194700969644,-39.16578751020408,14,iso_14_32
-67.03194700969644,-39.16578751020408,-67.03203632653062,-39.165776052593955,14,iso_14_33
-67.03203632653062,-39.165776052593955,-67.03222934693878,-39.16574858461566,14,iso_14_34
-67.03222934693878,-39.16574858461566,-67.03242236734694,-39.165753686004116,14,iso_14_35
-67.03242236734694,-39.165753686004116,-67.03248267080758,-39.16578751020408,14,iso_14_36
-67.03248267080758,-39.16578751020408,-67.0326153877551,-39.165867239997525,14,iso_14_37
-67.0326153877551,-39.165867239997525,-67.0326644134472,-39.16589928571429,14,iso_14_38
-67.0326644134472,-39.16589928571429,-67.03274493293199,-39.166011061224495,14,iso_14_39
-67.03274493293199,-39.166011061224495,-67.0327501460865,-39.166122836734694,14,iso_14_40
-67.0327501460865,-39.166122836734694,-67.03273163272593,-39.1662346122449,14,iso_14_41
-67.03273163272593,-39.1662346122449,-67.03270008880351,-39.166346387755105,14,iso_14_42
-67.03270008880351,-39.166346387755105,-67.03265107311906,-39.16645816326531,14,iso_14_43
-67.03265107311906,-39.16645816326531,-67.0326153877551,-39.16653831676742,14,iso_14_44
-67.0326153877551,-39.16653831676742,-67.03259991584534,-39.16656993877551,14,iso_14_45
-67.03259991584534,-39.16656993877551,-67.03256105830792,-39.166681714285716,14,iso_14_46
-67.03256105830792,-39.166681714285716,-67.03255617320332,-39.16679348979592,14,iso_14_47
-67.03255617320332,-39.16679348979592,-67.03260251168427,-39.16690526530613,14,iso_14_48
-67.03260251168427,-39.16690526530613,-67.0326153877551,-39.16692421811247,14,iso_14_49
-67.0326153877551,-39.16692421811247,-67.03266894219863,-39.167017040816326,14,iso_14_50
-67.03266894219863,-39.167017040816326,-67.03272649497985,-39.16712881632653,14,iso_14_51
-67.03272649497985,-39.16712881632653,-67.03275944564389,-39.16724059183674,14,iso_14_52
-67.03275944564389,-39.16724059183674,-67.0327938724512,-39.16735236734694,14,iso_14_53
-67.0327938724512,-39.16735236734694,-67.03280840816326,-39.16739152034275,14,iso_14_54
-67.03280840816326,-39.16739152034275,-67.03284996200519,-39.16746414285714,14,iso_14_55
-67.03284996200519,-39.16746414285714,-67.03280840816326,-39.16753957945193,14,iso_14_56
-67.03280840816326,-39.16753957945193,-67.03278509845153,-39.16757591836735,14,iso_14_57
-67.03278509845153,-39.16757591836735,-67.0326153877551,-39.16763583291733,14,iso_14_58
-67.0326153877551,-39.16763583291733,-67.03245198465929,-39.167687693877554,14,iso_14_59
-67.03245198465929,-39.167687693877554,-67.03242236734694,-39.16769357251597,14,iso_14_60
-67.03242236734694,-39.16769357251597,-67.03222934693878,-39.16772051405664,14,iso_14_61
-67.03222934693878,-39.16772051405664,-67.03203632653062,-39.16772086558227,14,iso_14_62
-67.03203632653062,-39.16772086558227,-67.03184330612245,-39.16771121943294,14,iso_14_63
-67.03184330612245,-39.16771121943294,-67.03165028571428,-39.16771399771099,14,iso_14_64
-67.03165028571428,-39.16771399771099,-67.03150374365487,-39.16779946938776,14,iso_14_65
-67.03150374365487,-39.16779946938776,-67.03145726530612,-39.16784966881728,14,iso_14_66
-67.03145726530612,-39.16784966881728,-67.03134407683581,-39.16791124489796,14,iso_14_67
-67.03134407683581,-39.16791124489796,-67.03126424489795,-39.1679605170967,14,iso_14_68
-67.03126424489795,-39.1679605170967,-67.03107122448979,-39.1679545133383,14,iso_14_69
-67.03107122448979,-39.1679545133383,-67.03087820408163,-39.167955008650885,14,iso_14_70
-67.03087820408163,-39.167955008650885,-67.03068518367347,-39.16799667788517,14,iso_14_71
-67.03068518367347,-39.16799667788517,-67.03054611427822,-39.168023020408164,14,iso_14_72
-67.03054611427822,-39.168023020408164,-67.03049216326531,-39.16803276421741,14,iso_14_73
-67.03744089795917,-39.16501854767916,-67.03742840220868,-39.16500508163266,14,iso_14_0
-67.03742840220868,-39.16500508163266,-67.0373486349443,-39.16489330612245,14,iso_14_1
-67.0373486349443,-39.16489330612245,-67.03730149041003,-39.164781530612245,14,iso_14_2
-67.03730149041003,-39.164781530612245,-67.03727915550304,-39.16466975510205,14,iso_14_3
-67.03727915550304,-39.16466975510205,-67.03727399528834,-39.16455797959184,14,iso_14_4
-67.03727399528834,-39.16455797959184,-67.037263213579,-39.164446204081635,14,iso_14_5
-67.037263213579,-39.164446204081635,-67.03729416503108,-39.16433442857143,14,iso_14_6
-67.03729416503108,-39.16433442857143,-67.0373332448487,-39.16422265306123,14,iso_14_7
-67.0373332448487,-39.16422265306123,-67.03739174121428,-39.164110877551025,14,iso_14_8
-67.03739174121428,-39.164110877551025,-67.03744089795917,-39.164045362723684,14,iso_14_9
-67.03744089795917,-39.164045362723684,-67.03763391836735,-39.16402442160985,14,iso_14_10
-67.03763391836735,-39.16402442160985,-67.03778550225215,-39.164110877551025,14,iso_14_11
-67.03778550225215,-39.164110877551025,-67.03782693877551,-39.164136162809086,14,iso_14_12
-67.03782693877551,-39.164136162809086,-67.03790538895,-39.16422265306123,14,iso_14_13
-67.03790538895,-39.16422265306123,-67.03794670974509,-39.16433442857143,14,iso_14_14
-67.03794670974509,-39.16433442857143,-67.03791632348828,-39.164446204081635,14,iso_14_15
-67.03791632348828,-39.164446204081635,-67.03785939977978,-39.16455797959184,14,iso_14_16
-67.03785939977978,-39.16455797959184,-67.03782693877551,-39.16461579600289,14,iso_14_17
-67.03782693877551,-39.16461579600289,-67.0377838625732,-39.16466975510205,14,iso_14_18
-67.0377838625732,-39.16466975510205,-67.03771504174827,-39.164781530612245,14,iso_14_19
-67.03771504174827,-39.164781530612245,-67.03763778207836,-39.16489330612245,14,iso_14_20
-67.03763778207836,-39.16489330612245,-67.03763391836735,-39.16490011870664,14,iso_14_21
-67.03763391836735,-39.16490011870664,-67.03747126163526,-39.16500508163266,14,iso_14_22
-67.03747126163526,-39.16500508163266,-67.03744089795917,-39.16501854767916,14,iso_14_23
-67.03569670006993,-39.163552,-67.03568741831448,-39.1636637755102,15,iso_15_0
-67.03568741831448,-39.1636637755102,-67.03566502551637,-39.163775551020414,15,iso_15_1
-67.03566502551637,-39.163775551020414,-67.0356569617642,-39.16388732653061,15,iso_15_2
-67.0356569617642,-39.16388732653061,-67.03566307698631,-39.16399910204082,15,iso_15_3
-67.03566307698631,-39.16399910204082,-67.03566320136797,-39.164110877551025,15,iso_15_4
-67.03566320136797,-39.164110877551025,-67.03564817207017,-39.16422265306123,15,iso_15_5
-67.03564817207017,-39.16422265306123,-67.0356190416197,-39.16433442857143,15,iso_15_6
-67.0356190416197,-39.16433442857143,-67.03557077656033,-39.164446204081635,15,iso_15_7
-67.03557077656033,-39.164446204081635,-67.03551069387754,-39.16451861318616,15,iso_15_8
-67.03551069387754,-39.16451861318616,-67.0354665850768,-39.16455797959184,15,iso_15_9
-67.0354665850768,-39.16455797959184,-67.03531767346938,-39.16465725135397,15,iso_15_10
-67.03531767346938,-39.16465725135397,-67.03529444036897,-39.16466975510205,15,iso_15_11
-67.03529444036897,-39.16466975510205,-67.03512465306122,-39.1647584712031,15,iso_15_12
-67.03512465306122,-39.1647584712031,-67.03507698926897,-39.164781530612245,15,iso_15_13
-67.03507698926897,-39.164781530612245,-67.03493163265306,-39.16488916432912,15,iso_15_14
-67.03493163265306,-39.16488916432912,-67.03492711165934,-39.16489330612245,15,iso_15_15
-67.03492711165934,-39.16489330612245,-67.03481764599178,-39.16500508163266,15,iso_15_16
-67.03481764599178,-39.16500508163266,-67.0347386122449,-39.16508556894066,15,iso_15_17
-67.0347386122449,-39.16508556894066,-67.03468466168201,-39.16511685714286,15,iso_15_18
-67.03468466168201,-39.16511685714286,-67.03454559183673,-39.16518893841685,15,iso_15_19
-67.03454559183673,-39.16518893841685,-67.03435257142857,-39.165170849358304,15,iso_15_20
-67.03435257142857,-39.165170849358304,-67.0342562651022,-39.16511685714286,15,iso_15_21
-67.0342562651022,-39.16511685714286,-67.0341595510204,-39.165041620555186,15,iso_15_22
-67.0341595510204,-39.165041620555186,-67.0341325157541,-39.16500508163266,15,iso_15_23
-67.0341325157541,-39.16500508163266,-67.03407192724781,-39.16489330612245,15,iso_15_24
-67.03407192724781,-39.16489330612245,-67.03402040761685,-39.164781530612245,15,iso_15_25
-67.03402040761685,-39.164781530612245,-67.03396653061225,-39.16470815141845,15,iso_15_26
-67.03396653061225,-39.16470815141845,-67.0339267782565,-39.16466975510205,15,iso_15_27
-67.0339267782565,-39.16466975510205,-67.0337936083891,-39.16455797959184,15,iso_15_28
-67.0337936083891,-39.16455797959184,-67.03377351020409,-39.16453892295381,15,iso_15_29
-67.03377351020409,-39.16453892295381,-67.03368283786155,-39.16444620408163,15,iso_15_30
-67.03368283786155,-39.16444620408163,-67.03360427191105,-39.16433442857143,15,iso_15_31
-67.03360427191105,-39.16433442857143,-67.03358048979591,-39.16428799202352,15,iso_15_32
-67.03358048979591,-39.16428799202352,-67.03354744030977,-39.16422265306123,15,iso_15_33
-67.03354744030977,-39.16422265306123,-67.03351070301159,-39.164110877551025,15,iso_15_34
-67.03351070301159,-39.164110877551025,-67.03349267338291,-39.16399910204082,15,iso_15_35
-67.03349267338291,-39.16399910204082,-67.03348772815909,-39.16388732653061,15,iso_15_36
-67.03348772815909,-39.16388732653061,-67.03349094899039,-39.163775551020414,15,iso_15_37
-67.03349094899039,-39.163775551020414,-67.03349819700428,-39.16366377551021,15,iso_15_38
-67.03349819700428,-39.16366377551021,-67.0335159373595,-39.163552,15,iso_15_39
-67.03068518367347,-39.16763060176413,-67.03049216326531,-39.16764783300564,15,iso_15_0
-67.03049216326531,-39.16764783300564,-67.03043510298468,-39.16757591836735,15,iso_15_1
-67.03043510298468,-39.16757591836735,-67.03046998819434,-39.16746414285714,15,iso_15_2
-67.03046998819434,-39.16746414285714,-67.03049216326531,-39.167445576513465,15,iso_15_3
-67.03049216326531,-39.167445576513465,-67.03068518367347,-39.167436308776004,15,iso_15_4
-67.03068518367347,-39.167436308776004,-67.03074863398844,-39.16746414285714,15,iso_15_5
-67.03074863398844,-39.16746414285714,-67.0307728279297,-39.16757591836735,15,iso_15_6
-67.0307728279297,-39.16757591836735,-67.03068518367347,-39.16763060176413,15,iso_15_7
-67.03512760833604,-39.163552,-67.03520545398794,-39.16366377551021,16,iso_16_0
-67.03520545398794,-39.16366377551021,-67.03527429573516,-39.163775551020414,16,iso_16_1
-67.03527429573516,-39.163775551020414,-67.03531767346938,-39.16384265924636,16,iso_16_2
-67.03531767346938,-39.16384265924636,-67.03533364822822,-39.16388732653061,16,iso_16_3
-67.03533364822822,-39.16388732653061,-67.03536133475286,-39.16399910204082,16,iso_16_4
-67.03536133475286,-39.16399910204082,-67.03536956271955,-39.164110877551025,16,iso_16_5
-67.03536956271955,-39.164110877551025,-67.0353534911307,-39.16422265306123,16,iso_16_6
-67.0353534911307,-39.16422265306123,-67.03531767346938,-39.16431169098635,16,iso_16_7
-67.03531767346938,-39.16431169098635,-67.03530431290763,-39.16433442857143,16,iso_16_8
-67.03530431290763,-39.16433442857143,-67.03517997951406,-39.164446204081635,16,iso_16_9
-67.03517997951406,-39.164446204081635,-67.03512465306122,-39.16448112787164,16,iso_16_10
-67.03512465306122,-39.16448112787164,-67.03493163265306,-39.16455499070783,16,iso_16_11
-67.03493163265306,-39.16455499070783,-67.0349174497445,-39.16455797959184,16,iso_16_12
-67.0349174497445,-39.16455797959184,-67.0347386122449,-39.16460881913237,16,iso_16_13
-67.0347386122449,-39.16460881913237,-67.03462643815912,-39.16466975510205,16,iso_16_14
-67.03462643815912,-39.16466975510205,-67.03454559183673,-39.16473496860455,16,iso_16_15
-67.03454559183673,-39.16473496860455,-67.03435257142857,-39.16471385087698,16,iso_16_16
-67.03435257142857,-39.16471385087698,-67.03432473691001,-39.16466975510204,16,iso_16_17
-67.03432473691001,-39.16466975510204,-67.03425535605848,-39.16455797959184,16,iso_16_18
-67.03425535605848,-39.16455797959184,-67.03415955102041,-39.16446149574715,16,iso_16_19
-67.03415955102041,-39.16446149574715,-67.0341422458752,-39.164446204081635,16,iso_16_20
-67.0341422458752,-39.164446204081635,-67.0340519720958,-39.16433442857143,16,iso_16_21
-67.0340519720958,-39.16433442857143,-67.03398640697755,-39.16422265306123,16,iso_16_22
-67.03398640697755,-39.16422265306123,-67.03396653061225,-39.16418134203362,16,iso_16_23
-67.03396653061225,-39.16418134203362,-67.03393796490454,-39.16411087755103,16,iso_16_24
-67.03393796490454,-39.16411087755103,-67.03391056661198,-39.16399910204082,16,iso_16_25
-67.03391056661198,-39.16399910204082,-67.03390749958896,-39.16388732653061,16,iso_16_26
-67.03390749958896,-39.16388732653061,-67.03393904586513,-39.163775551020414,16,iso_16_27
-67.03393904586513,-39.163775551020414,-67.03396653061225,-39.16372813693552,16,iso_16_28
-67.03396653061225,-39.16372813693552,-67.03403365491826,-39.16366377551021,16,iso_16_29
-67.03403365491826,-39.16366377551021,-67.03415955102041,-39.163569094196156,16,iso_16_30
-67.03415955102041,-39.163569094196156,-67.034198948281,-39.163552,16,iso_16_31
